UBI,GBA,BLDGS,Address,Owner,City,State,Zip,Property Type,AYB_YearBuilt
10107/71db4,"264,949",1,120243 E True Lane,MileStone Community Builders,EnergyTown,Illinois,10107-7915,COMMERCIAL,1974
10107/c6596,"322,701",1,95373 E Peach Avenue,Pangea Properties,EnergyTown,Illinois,10107-1544,COMMERCIAL,1962
10106/2f366,"139,835",1,95864 SW Cottonwood Court,Matt Martin Real Estate Management,EnergyTown,Illinois,10106-7162,RESIDENTIAL-MULTI FAMILY,1965
10103/f111f,"194,395",1,155371 W Cherry Loop,Celerity Ventures,EnergyTown,Illinois,10103-3578,COMMERCIAL,1967
10106/873c5,"67,269",1,180821 S Tyler Lane,Marketplace Homes,EnergyTown,Illinois,10106-8191,RESIDENTIAL-MULTI FAMILY,1965
10104/fa70d,"100,654",1,124217 W Horsechestnut Boulevard,Apartment List,EnergyTown,Illinois,10104-5427,COMMERCIAL,1967
10103/6a6b9,"296,432",1,155830 SW Garfield Way,Econohomes,EnergyTown,Illinois,10103-5455,RESIDENTIAL-MULTI FAMILY,1965
10101/3b748,"390,302",1,134217 SE Kennedy Lane,PropertyRate,EnergyTown,Illinois,10101-4786,COMMERCIAL CONDO,
10102/b0dbc,"373,152",1,92496 E Tangarine Boulevard,Landmark Network,EnergyTown,Illinois,10102-8803,COMMERCIAL,1975
10108/335e9,"271,912",1,180702 N Horsechestnut Loop,Memphis Invest,EnergyTown,Illinois,10108-5971,COMMERCIAL,1978
10106/913a0,"337,844",1,94734 SE Honeylocust Street,ACT Appraisal,EnergyTown,Illinois,10106-4994,CONDO,
10108/9ec27,"225,829",1,159308 SE Sycamore Court,Innotion Enterprises,EnergyTown,Illinois,10108-8006,HOTELS/MOTELS,1978
10101/f5ad2,"272,997",1,129218 N Palm Highway,The Force Realty,EnergyTown,Illinois,10101-1619,CONDO,
10107/5bff1,"379,591",1,44166 S Hoover Alley,PalmerHouse Properties,EnergyTown,Illinois,10107-6822,RESIDENTIAL-MULTI FAMILY,1966
10106/d0285,"86,627",1,48633 NE Papaya Lane,CoesterVMS,EnergyTown,Illinois,10106-8933,RESIDENTIAL-MULTI FAMILY,1957
10104/94bd8,"125,131",1,231069 SW True Way,Hawaii Life,EnergyTown,Illinois,10104-3290,HOTELS/MOTELS,1957
10101/6e866,"298,654",1,90274 SW Madrone Court,Apex Home Loans,EnergyTown,Illinois,10101-2886,CONDO,
10106/f06b7,"87,271",1,238539 SE Willow Street,Stress Free Property Management,EnergyTown,Illinois,10106-9457,CONDO,
10105/d237c,"256,003",1,80219 SW Mandarin Court,Fairplay Financial,EnergyTown,Illinois,10105-7949,COMMERCIAL,1959
10107/a127a,"181,115",1,119134 SE Lemon Highway,Nationwide Appraisal Network,EnergyTown,Illinois,10107-5333,COMMERCIAL,1986
10101/6fcb5,"292,974",1,232204 SW Taylor Highway,Robert Paul Properties,EnergyTown,Illinois,10101-9602,COMMERCIAL,1983
10109/f6ce2,"177,426",1,67162 SE Incense Lane,Trulia,EnergyTown,Illinois,10109-2252,HOTELS/MOTELS,1985
10103/9dcbf,"333,188",1,214831 SW Cypress Boulevard,The Ruby Group,EnergyTown,Illinois,10103-6843,COMMERCIAL,1986
10102/aa5a9,"344,019",1,179646 SW Date Highway,Valuation Management Group,EnergyTown,Illinois,10102-7607,COMMERCIAL CONDO,
10104/c5be7,"270,366",1,206055 S Clementine Boulevard,Hipercept,EnergyTown,Illinois,10104-8059,RESIDENTIAL-MULTI FAMILY,2005
10108/cfa5b,"186,905",1,197616 NE Garfield Avenue,Accurate Group,EnergyTown,Illinois,10108-4184,CONDO,
10109/a4dc5,"161,964",1,197709 E Pineapple Highway,Nest Realty,EnergyTown,Illinois,10109-2482,CONDO,
10105/fd160,"104,349",1,9773 N Citron Loop,JWB Real Estate Companies,EnergyTown,Illinois,10105-4684,COMMERCIAL,1991
10105/e565e,249090sf,1,28660 E Polk Road,Real Property Management,EnergyTown,Illinois,10105-1441,RESIDENTIAL-MULTI FAMILY,1959
10101/51bc2,"319,123",1,179923 NE Washington Avenue,Distinctive Properties,EnergyTown,Illinois,10101-5472,RESIDENTIAL-MULTI FAMILY,1962
10105/ce1a8,"258,869",1,108393 N Grapefruit Court,Clear Title Agency of AZ,EnergyTown,Illinois,10105-8589,HOTELS/MOTELS,1950
10105/3f900,"224,362",1,131175 SW Chestnut Road,Trust Field Services,EnergyTown,Illinois,10105-6695,COMMERCIAL CONDO,
10102/a5c26,"191,472",1,170525 E Pine Way,GRS Group,EnergyTown,Illinois,10102-8531,RESIDENTIAL-MULTI FAMILY,1959
10101/f67f2,"327,974",1,192896 SE Peach Court,Renters Warehouse,EnergyTown,Illinois,10101-5570,CONDO,
10101/99db8,"195,267",1,194087 SE Fillmore Street,Reliant Realty,EnergyTown,Illinois,10101-1978,HOTELS/MOTELS,1960
10103/da53a,"310,018",1,73377 W Polk Way,Meridian Pacific Properties,EnergyTown,Illinois,10103-8731,HOTELS/MOTELS,1973
10101/7a520,"104,609",1,130834 N Dogwood Boulevard,Guaranteed Rate,EnergyTown,Illinois,10101-2696,RESIDENTIAL-MULTI FAMILY,1957
10102/72f1a,"64,703",1,206661 S Myrtle Boulevard,JMA Properties,EnergyTown,Illinois,10102-9427,CONDO,
10101/5c8a6,"386,463",1,142141 NW Maple Alley,NTP Wireless,EnergyTown,Illinois,10101-4479,COMMERCIAL,1993
10109/285ec,"311,855",1,152387 W McKinley Alley,Teles Properties,EnergyTown,Illinois,10109-4563,RESIDENTIAL-MULTI FAMILY,1961
10104/539ad,"318,926",1,209658 NE Chinkapin Alley,Kinder Reese,EnergyTown,Illinois,10104-6703,RESIDENTIAL-MULTI FAMILY,1956
10105/b78f0,"213,153",1,59788 NW Pineapple Alley,Cal-American Homes,EnergyTown,Illinois,10105-9902,RESIDENTIAL-MULTI FAMILY,1969
10107/fa39d,"63,573",1,3822 SE Cantaloupe Avenue,ePropertySites.com,EnergyTown,Illinois,10107-4333,CONDO,
10110/4bdaf,"315,077",1,23255 NW Buchanan Highway,NathanTabor.com,EnergyTown,Illinois,10110-7042,COMMERCIAL,1986
10105/1c351,"322,506",1,148420 S Pineapple Boulevard,Urban Lending Solutions,EnergyTown,Illinois,10105-4400,COMMERCIAL,1981
10110/4df66,"156,848",1,158538 S Monroe Court,Keller Williams Capital Properties,EnergyTown,Illinois,10110-4120,HOTELS/MOTELS,0
10107/98676,"170,850",1,70927 NE Papaya Street,Real Capital Markets,EnergyTown,Illinois,10107-9016,COMMERCIAL CONDO,
10104/c2398,"386,642",1,191122 SE Tanoak Street,DLP Realty,EnergyTown,Illinois,10104-6412,COMMERCIAL CONDO,
10107/757a5,"355,043",1,235480 SW Tangarine Boulevard,World Wide Land Transfer,EnergyTown,Illinois,10107-5527,COMMERCIAL,1983
10104/c73d9,"340,751",1,73707 E Mahogany Street,HousingWire,EnergyTown,Illinois,10104-8560,HOTELS/MOTELS,1984
10106/1775c,"319,967",1,191551 W Roosevelt Boulevard,Nationwide Title Clearing,EnergyTown,Illinois,10106-1246,CONDO,
10106/4710a,"94,169",1,165559 W Hoover Avenue,Platinum Realty,EnergyTown,Illinois,10106-1985,COMMERCIAL,1925
10107/d0974,"168,445",1,158986 W Truman Lane,US Appraisal Group,EnergyTown,Illinois,10107-1828,CONDO,
10109/975d0,"303,458",1,63942 N Buckthorn Road,The Menkiti Group,EnergyTown,Illinois,10109-6074,COMMERCIAL,2002
10107/5407a,"347,027",1,131334 W Poplar Alley,Elite Pacific Properties,EnergyTown,Illinois,10107-4433,COMMERCIAL,1973
10108/6c338,"195,193",1,66867 W Tangarine Highway,Samuel Scott Financial Group,EnergyTown,Illinois,10108-1981,COMMERCIAL,1994
10102/8600f,"219,626",1,234002 SW Wilson Lane,Professinal Home Buyers,EnergyTown,Illinois,10102-1972,COMMERCIAL,2001
10106/38a23,"94,517",1,3154 SE Pears Street,Maximum One Realty Greater Atlanta,EnergyTown,Illinois,10106-4952,COMMERCIAL,2003
10107/22648,"64,006",1,6185 NW Wilson Road,Streetsense,EnergyTown,Illinois,10107-3722,RESIDENTIAL-MULTI FAMILY,1995
10110/9e558,"346,512",1,209412 SE Taft Lane,Boulder Creek Builders,EnergyTown,Illinois,10110-8769,COMMERCIAL,1922
10110/e438f,"265,462",1,142735 N Clinton Alley,ATG Title,EnergyTown,Illinois,10110-6459,HOTELS/MOTELS,1986
10101/230e0,"59,341",1,241773 W Apples Avenue,LGI Development,EnergyTown,Illinois,10101-6175,COMMERCIAL,1982
10106/88d21,"178,928",1,242511 S Palm Lane,Tim O'Brien Homes,EnergyTown,Illinois,10106-7084,CONDO,
10107/4692c,"287,262",1,196013 S Jackson Highway,McGeough Lamacchia Realty,EnergyTown,Illinois,10107-2859,CONDO,
10108/5df28,"77,033",1,78018 SE Citron Alley,Bean Group,EnergyTown,Illinois,10108-7872,HOTELS/MOTELS,1964
10109/dfab7,"391,949",1,131135 W Spruce Way,Gorilla Capital,EnergyTown,Illinois,10109-8250,COMMERCIAL,2011
10104/53c6f,"230,213",1,82667 E Ash Street,1st Equity,EnergyTown,Illinois,10104-5512,COMMERCIAL CONDO,
10102/e3545,"142,577",1,183943 S Horsechestnut Highway,Realty ONE Group,EnergyTown,Illinois,10102-1646,COMMERCIAL,1939
10105/10bcf,"289,605",10,232960 NW Filbert Road,Asset Realty Group,EnergyTown,Illinois,10105-6863,COMMERCIAL,1900
10109/66f8f,"105,536",1,98479 S Myrtle Loop,Movoto,EnergyTown,Illinois,10109-2021,COMMERCIAL,2003
10107/ff74d,"372,631",1,149686 W Apricots Road,American Eagle Mortgage,EnergyTown,Illinois,10107-9705,COMMERCIAL,1975
10101/2e66d,"234,831",1,243909 SW Taft Boulevard,@Properties,EnergyTown,Illinois,10101-9544,COMMERCIAL,1965
10101/1f7f1,"51,688",3,90256 S Cantaloupe Court,Conservice,EnergyTown,Illinois,10101-4370,COMMERCIAL,1910
10103/16a90,"351,585",1,43598 W Tanoak Boulevard,HomeSmart,EnergyTown,Illinois,10103-4839,HOTELS/MOTELS,1927
10105/4ef5e,"67,334",1,75520 E Buckthorn Boulevard,MG Properties Group,EnergyTown,Illinois,10105-7397,HOTELS/MOTELS,1965
10109/50d5a,"398,192",1,90646 N Cypress Boulevard,Pacific Union International,EnergyTown,Illinois,10109-5848,RESIDENTIAL-MULTI FAMILY,1951
10103/f1a07,"114,094",1,68425 NE Cleveland Highway,Sperry Van Ness International,EnergyTown,Illinois,10103-7996,CONDO,
10108/2a65c,"388,983",1,98181 N Avocado Loop,Asset Plus Companies,EnergyTown,Illinois,10108-9910,RESIDENTIAL-MULTI FAMILY,1975
10105/d53e4,"187,821",1,144346 E Roosevelt Boulevard,Prudential Americana Group Realtors,EnergyTown,Illinois,10105-9915,COMMERCIAL,1941
10107/d18cc,"64,123",1,235615 W Grapefruit Way,ISGN,EnergyTown,Illinois,10107-2802,COMMERCIAL,1985
10108/4e113,"86,778",1,172060 SE Holly Court,Kidder Mathews,EnergyTown,Illinois,10108-6192,COMMERCIAL,1989
10107/30b57,"114,393",1,145829 NW Yew Boulevard,Levrose Commercial Real Estate,EnergyTown,Illinois,10107-6906,COMMERCIAL,1980
10107/4c3d7,240854sf,1,87210 NE Peach Street,Pro Teck Valuation Services,EnergyTown,Illinois,10107-9721,CONDO,
10109/447c3,"112,116",1,200072 W Orange Court,The Mount Vernon Company,EnergyTown,Illinois,10109-4168,CONDO,
10105/9bfac,"157,413",1,174224 SE Eisenhower Lane,Select Office Suites,EnergyTown,Illinois,10105-3144,CONDO,
10107/b8a5f,"355,932",1,26713 E Van Buren Highway,Schmidt Real Estate,EnergyTown,Illinois,10107-3722,HOTELS/MOTELS,1989
10102/f69dc,"205,231",1,238533 W Pine Road,Oakbrook,EnergyTown,Illinois,10102-2584,RESIDENTIAL-MULTI FAMILY,1965
10107/dc778,"61,650",1,51538 E Juniper Lane,ERA Sunrise Realty,EnergyTown,Illinois,10107-5279,HOTELS/MOTELS,1980
10103/5a815,"383,246",1,117582 N Ash Alley,Keller Williams Realty,EnergyTown,Illinois,10103-1176,COMMERCIAL,1969
10109/e6987,"167,971",1,200564 SW Catalpa Road,CWS Corporate Leasing,EnergyTown,Illinois,10109-9885,COMMERCIAL,1978
10106/3b0d7,"67,425",1,236444 W Larch Avenue,Occidental Management,EnergyTown,Illinois,10106-1640,RESIDENTIAL-MULTI FAMILY,1964
10103/72037,"154,238",1,36238 N Catalpa Loop,Morris Hardwick Schneider/Landcastle Title,EnergyTown,Illinois,10103-8588,COMMERCIAL,1966
10106/c3dbe,"163,712",1,164955 NE Catalpa Road,Capital Title of Texas,EnergyTown,Illinois,10106-1996,COMMERCIAL,1970
10105/43c5d,"381,949",1,77263 E Cottonwood Lane,American Reporting,EnergyTown,Illinois,10105-3531,COMMERCIAL,1981
10103/25a9c,"321,167",1,181938 NW Honeydew Boulevard,Real Freedom,EnergyTown,Illinois,10103-9525,RESIDENTIAL-MULTI FAMILY,1990
10108/ed3ed,"87,062",1,35447 E Monroe Road,Temporary Housing Directory,EnergyTown,Illinois,10108-5765,COMMERCIAL,1981
10107/57cad,"219,476",1,84472 N Catalpa Highway,MileStone Community Builders,EnergyTown,Illinois,10107-5663,CONDO,
10101/34a5f,"142,331",1,219222 SW Filbert Avenue,Pangea Properties,EnergyTown,Illinois,10101-6331,COMMERCIAL,1997
10110/7fb1a,"197,578",1,71873 W Citron Court,Matt Martin Real Estate Management,EnergyTown,Illinois,10110-2866,COMMERCIAL,1960
10102/89133,"290,809",1,14397 N Grapes Way,Celerity Ventures,EnergyTown,Illinois,10102-6752,COMMERCIAL,1931
10104/208f2,"361,111",1,78024 N Filbert Highway,Marketplace Homes,EnergyTown,Illinois,10104-4274,COMMERCIAL,1966
10109/c9e41,"250,344",1,241780 NE Sycamore Highway,Apartment List,EnergyTown,Illinois,10109-8562,COMMERCIAL,1981
10106/ea9cc,"151,085",1,5228 SE Nixon Road,Econohomes,EnergyTown,Illinois,10106-8605,COMMERCIAL,1967
10103/8e1ad,"282,409",1,209824 E California Lane,PropertyRate,EnergyTown,Illinois,10103-3376,COMMERCIAL,1971
10110/ed6b2,"377,064",1,117200 E Melon Loop,Landmark Network,EnergyTown,Illinois,10110-7289,COMMERCIAL,1967
10102/9207d,"212,968",1,193649 E Mandarin Alley,Memphis Invest,EnergyTown,Illinois,10102-5899,COMMERCIAL,1975
10106/86a9b,"379,494",1,95549 NE Oak Road,ACT Appraisal,EnergyTown,Illinois,10106-9001,COMMERCIAL,2002
10106/f062c,"240,750",1,86193 SE Plum Court,MileStone Community Builders,EnergyTown,Illinois,10106-6518,COMMERCIAL,1982
10102/802b7,"165,044",3,84265 W Lemon Way,Pangea Properties,EnergyTown,Illinois,10102-7947,COMMERCIAL,1969
10105/8b173,"190,014",1,138016 SW Catalpa Highway,Matt Martin Real Estate Management,EnergyTown,Illinois,10105-9572,RESIDENTIAL-MULTI FAMILY,1927
10107/2eb13,"284,935",1,11105 SE Clinton Avenue,Celerity Ventures,EnergyTown,Illinois,10107-5905,COMMERCIAL,1987
10106/71444,"321,155",1,26583 NW Nixon Boulevard,Marketplace Homes,EnergyTown,Illinois,10106-6063,COMMERCIAL,1990
10104/5257a,"51,764",1,238715 W Plantain Avenue,Apartment List,EnergyTown,Illinois,10104-1820,COMMERCIAL,1975
10105/e5764,"203,845",1,147661 NE Washington Loop,Econohomes,EnergyTown,Illinois,10105-5803,COMMERCIAL,2000
10109/3ff91,"383,773",1,153200 NE Tanoak Loop,PropertyRate,EnergyTown,Illinois,10109-8384,HOTELS/MOTELS,1929
10105/a1207,"237,089",1,144708 SE Orange Lane,Landmark Network,EnergyTown,Illinois,10105-5987,COMMERCIAL,1972
10106/8fa43,"380,406",1,26093 E Hazel Way,Memphis Invest,EnergyTown,Illinois,10106-9778,COMMERCIAL,1951
10102/af70d,"266,908",1,6890 NE Roosevelt Lane,ACT Appraisal,EnergyTown,Illinois,10102-5083,COMMERCIAL,1910
10110/3e66f,"322,346",1,47399 NW Cherry Way,Innotion Enterprises,EnergyTown,Illinois,10110-2179,COMMERCIAL,1880
10106/7b8ae,"136,566",1,139213 W Cottonwood Street,The Force Realty,EnergyTown,Illinois,10106-9379,COMMERCIAL,2009
10103/77192,"70,222",1,119270 SW Garfield Way,PalmerHouse Properties,EnergyTown,Illinois,10103-7367,COMMERCIAL,1926
10107/63b18,"203,493",1,41978 N Birch Avenue,CoesterVMS,EnergyTown,Illinois,10107-5827,HOTELS/MOTELS,1955
10103/14c96,"379,375",3,235016 SW Melon Avenue,Hawaii Life,EnergyTown,Illinois,10103-7236,HOTELS/MOTELS,1955
10101/7100e,"376,622",1,4378 W Madrone Highway,Apex Home Loans,EnergyTown,Illinois,10101-5570,COMMERCIAL,1941
10106/23c97,"314,506",1,154343 NE Apricots Alley,Stress Free Property Management,EnergyTown,Illinois,10106-3894,RESIDENTIAL-MULTI FAMILY,1950
10108/a69ae,"99,145",1,27353 NE Douglas Highway,Fairplay Financial,EnergyTown,Illinois,10108-7763,COMMERCIAL,1986
10110/ca2b4,"340,088",1,223346 SE Redwood Avenue,Nationwide Appraisal Network,EnergyTown,Illinois,10110-1674,COMMERCIAL,1989
10102/fd96b,"88,133",1,91558 NE Maple Street,Robert Paul Properties,EnergyTown,Illinois,10102-2990,CONDO,
10102/5b193,"112,442",1,203743 NE Pierce Highway,Trulia,EnergyTown,Illinois,10102-8479,COMMERCIAL,1973
10107/6cc7a,"257,959",1,59502 NW Mahogany Avenue,The Ruby Group,EnergyTown,Illinois,10107-5124,COMMERCIAL,1982
10103/5c099,"170,935",1,198536 W Garfield Road,Valuation Management Group,EnergyTown,Illinois,10103-9796,COMMERCIAL,1964
10104/7ef71,"261,765",1,99348 NE Locust Street,Hipercept,EnergyTown,Illinois,10104-2416,COMMERCIAL,0
10101/2b760,"215,255",1,181881 E Myrtle Street,Accurate Group,EnergyTown,Illinois,10101-2717,COMMERCIAL,2009
10102/b874e,"94,310",1,27214 E McKinley Boulevard,Nest Realty,EnergyTown,Illinois,10102-7954,COMMERCIAL,1978
10110/2591d,"230,146",1,147589 S Buckthorn Way,JWB Real Estate Companies,EnergyTown,Illinois,10110-1921,COMMERCIAL,1995
10102/bb665,"256,055",1,11722 SW Cottonwood Avenue,Real Property Management,EnergyTown,Illinois,10102-6814,COMMERCIAL,1986
10101/3ae71,"323,298",1,12156 E Obama Court,Distinctive Properties,EnergyTown,Illinois,10101-9210,COMMERCIAL,1924
10101/59811,"389,386",1,68502 SW Cedar Boulevard,Clear Title Agency of AZ,EnergyTown,Illinois,10101-8415,COMMERCIAL,1969
10102/ca07a,"214,620",1,129400 NE Olive Loop,Trust Field Services,EnergyTown,Illinois,10102-8675,COMMERCIAL,1994
10108/7e9dc,"211,783",1,173580 E Buckeye Alley,GRS Group,EnergyTown,Illinois,10108-5541,COMMERCIAL,1982
10106/4cc99,"136,967",1,42202 SE Madrone Alley,Renters Warehouse,EnergyTown,Illinois,10106-4030,COMMERCIAL,1981
10102/d70df,"59,188",1,84376 SE Plum Loop,Reliant Realty,EnergyTown,Illinois,10102-1745,COMMERCIAL,1962
10108/d4bac,"50,023",1,198398 N Fir Loop,Meridian Pacific Properties,EnergyTown,Illinois,10108-9151,HOTELS/MOTELS,1970
10106/20e9c,"269,625",1,83182 NW Grapefruit Court,Guaranteed Rate,EnergyTown,Illinois,10106-4529,RESIDENTIAL-MULTI FAMILY,1963
10107/25337,"262,027",1,185235 NW Sycamore Avenue,JMA Properties,EnergyTown,Illinois,10107-5710,HOTELS/MOTELS,1963
10109/77a2d,"254,909",1,129200 SW Coolidge Avenue,NTP Wireless,EnergyTown,Illinois,10109-9586,CONDO,
10108/1621a,"152,403",1,111327 N Arborvitae Way,Teles Properties,EnergyTown,Illinois,10108-4403,RESIDENTIAL-MULTI FAMILY,1968
10110/65093,"78,080",1,56871 NW Juniper Way,Kinder Reese,EnergyTown,Illinois,10110-8760,COMMERCIAL,1969
10107/3a89a,"364,753",1,181123 NW Clementine Lane,Cal-American Homes,EnergyTown,Illinois,10107-1250,HOTELS/MOTELS,1964
10101/8a5ce,"380,071",1,145770 S Van Buren Loop,ePropertySites.com,EnergyTown,Illinois,10101-2764,COMMERCIAL,1987
10103/ad875,"306,852",1,78615 N Tanoak Alley,NathanTabor.com,EnergyTown,Illinois,10103-7733,RESIDENTIAL-MULTI FAMILY,1964
10107/2067b,"333,524",1,109495 NE Sweetgum Alley,Urban Lending Solutions,EnergyTown,Illinois,10107-1804,COMMERCIAL,1969
10106/cee52,"81,968",1,81454 E Papaya Court,Keller Williams Capital Properties,EnergyTown,Illinois,10106-7121,COMMERCIAL,1980
10108/3b1ad,"389,897",1,194521 S Spruce Highway,Real Capital Markets,EnergyTown,Illinois,10108-7919,COMMERCIAL,1987
10106/edc94,"336,575",1,143563 E Dogwood Boulevard,DLP Realty,EnergyTown,Illinois,10106-7358,COMMERCIAL,1985
10108/18d12,"374,710",1,55014 SW Douglas Way,World Wide Land Transfer,EnergyTown,Illinois,10108-3445,COMMERCIAL,1986
10106/d1eb1,"176,281",1,238731 E Banana Loop,HousingWire,EnergyTown,Illinois,10106-4350,COMMERCIAL,1971
10103/e69e9,"67,636",1,158214 NW Madison Highway,Nationwide Title Clearing,EnergyTown,Illinois,10103-9823,COMMERCIAL CONDO,
10108/7953b,"329,865",1,59697 N Mahogany Highway,Platinum Realty,EnergyTown,Illinois,10108-6293,COMMERCIAL CONDO,
10110/b5da8,"296,521",1,106756 W Monroe Lane,US Appraisal Group,EnergyTown,Illinois,10110-7761,COMMERCIAL,1983
10108/d5abc,"237,403",1,43710 SE Reagan Alley,The Menkiti Group,EnergyTown,Illinois,10108-3517,COMMERCIAL,2001
10103/5681a,"142,886",1,120947 SE Pierce Street,Elite Pacific Properties,EnergyTown,Illinois,10103-5219,COMMERCIAL,1910
10104/77201,206463sf,3,160974 NW Taylor Avenue,Samuel Scott Financial Group,EnergyTown,Illinois,10104-4177,COMMERCIAL,1984
10102/c424e,"377,544",1,236009 SW Oak Road,Professinal Home Buyers,EnergyTown,Illinois,10102-2142,RESIDENTIAL-MULTI FAMILY,0
10103/f44dd,"378,080",1,16238 SW Obama Loop,Maximum One Realty Greater Atlanta,EnergyTown,Illinois,10103-7897,RESIDENTIAL-MULTI FAMILY,1961
10110/6e5bd,"201,890",1,49001 W Banana Loop,Streetsense,EnergyTown,Illinois,10110-3557,RESIDENTIAL-MULTI FAMILY,1941
10110/a2335,"104,413",1,167056 NE Arborvitae Alley,Boulder Creek Builders,EnergyTown,Illinois,10110-2887,CONDO,
10106/f5bd4,"327,879",1,112019 S Buchanan Court,ATG Title,EnergyTown,Illinois,10106-7142,COMMERCIAL,1978
10107/70df0,"158,578",1,76916 W Giant Highway,LGI Development,EnergyTown,Illinois,10107-3439,COMMERCIAL,1925
10110/917ed,"243,136",1,96442 NE True Road,Tim O'Brien Homes,EnergyTown,Illinois,10110-5865,COMMERCIAL,2006
10102/23871,"290,457",1,54222 S Palm Road,McGeough Lamacchia Realty,EnergyTown,Illinois,10102-9214,COMMERCIAL,1991
10101/f4ea1,"338,646",1,37052 NE Bush Street,Bean Group,EnergyTown,Illinois,10101-9234,COMMERCIAL,1964
10101/870d0,"345,137",1,184039 S Catalpa Highway,Gorilla Capital,EnergyTown,Illinois,10101-3335,COMMERCIAL,1971
10104/719bd,"168,646",1,13688 SW Cordia Alley,1st Equity,EnergyTown,Illinois,10104-8405,COMMERCIAL,1980
10101/9e375,"356,934",1,110752 W McKinley Highway,Realty ONE Group,EnergyTown,Illinois,10101-7359,COMMERCIAL,1966
10104/19138,"329,184",1,240102 N Hazel Alley,Asset Realty Group,EnergyTown,Illinois,10104-2266,COMMERCIAL,1969
10106/46cb5,"222,340",1,191776 SW Carissa Boulevard,Movoto,EnergyTown,Illinois,10106-6708,COMMERCIAL,1970
10103/59beb,"144,031",1,165941 SW Van Buren Alley,American Eagle Mortgage,EnergyTown,Illinois,10103-4059,COMMERCIAL,2001
10104/3e728,"374,250",1,30937 E Cantaloupe Court,@Properties,EnergyTown,Illinois,10104-7823,RESIDENTIAL-MULTI FAMILY,1908
10109/64c88,"133,345",1,230641 SE Maple Court,Conservice,EnergyTown,Illinois,10109-3809,RESIDENTIAL-MULTI FAMILY,1929
10103/a2db4,"121,490",1,226595 NE Lime Loop,HomeSmart,EnergyTown,Illinois,10103-5410,COMMERCIAL,1971
10101/4d220,"94,512",55,59001 NE Buchanan Way,MG Properties Group,EnergyTown,Illinois,10101-1284,COMMERCIAL,1923
10106/362cf,"161,504",1,54512 E Cypress Lane,Pacific Union International,EnergyTown,Illinois,10106-6188,COMMERCIAL,1969
10109/75597,"168,943",1,183594 E Banana Court,Sperry Van Ness International,EnergyTown,Illinois,10109-3203,COMMERCIAL,1969
10102/361fe,"376,061",1,80564 SE Truman Road,Asset Plus Companies,EnergyTown,Illinois,10102-5682,COMMERCIAL,1971
10105/f27f8,"171,212",1,177539 S Sweetgum Lane,Prudential Americana Group Realtors,EnergyTown,Illinois,10105-1151,COMMERCIAL,1978
10104/79ce4,"63,866",1,18643 SW Watermelon Alley,ISGN,EnergyTown,Illinois,10104-7477,COMMERCIAL,1978
10105/5f6fc,"263,071",1,31060 W Plum Highway,Kidder Mathews,EnergyTown,Illinois,10105-9738,CONDO,
10107/a5692,"81,020",1,181056 S Johnson Street,Levrose Commercial Real Estate,EnergyTown,Illinois,10107-1535,COMMERCIAL,1967
10107/4b86f,"318,040",1,160543 SW Catalpa Lane,Pro Teck Valuation Services,EnergyTown,Illinois,10107-4489,COMMERCIAL,1975
10110/23f17,"310,377",1,117306 E Horsechestnut Alley,The Mount Vernon Company,EnergyTown,Illinois,10110-4572,COMMERCIAL,1980
10110/6dde5,"84,262",1,214269 SE Horsechestnut Loop,Select Office Suites,EnergyTown,Illinois,10110-5363,COMMERCIAL,1984
10110/b3901,"199,416",1,154739 NW Watermelon Court,Schmidt Real Estate,EnergyTown,Illinois,10110-4056,COMMERCIAL,1964
10106/d6584,"196,709",1,83453 SW Olive Highway,Oakbrook,EnergyTown,Illinois,10106-6040,COMMERCIAL,1986
10109/1e5ad,"78,810",1,135287 E Roosevelt Road,ERA Sunrise Realty,EnergyTown,Illinois,10109-1389,COMMERCIAL,1969
10103/90ca7,"131,874",1,5151 E Honeylocust Alley,Keller Williams Realty,EnergyTown,Illinois,10103-5720,COMMERCIAL,1971
10106/9d65f,"243,274",1,224905 E Buchanan Loop,CWS Corporate Leasing,EnergyTown,Illinois,10106-8737,COMMERCIAL,1975
10107/d22e1,"370,224",1,61173 SE Willow Lane,Occidental Management,EnergyTown,Illinois,10107-5678,COMMERCIAL,1975
10104/33fef,"161,228",1,211686 NE Pear Boulevard,Morris Hardwick Schneider/Landcastle Title,EnergyTown,Illinois,10104-3519,COMMERCIAL,1978
10104/584d6,"142,385",1,50518 SW Buchanan Lane,Capital Title of Texas,EnergyTown,Illinois,10104-2490,COMMERCIAL,1980
10107/1a867,"55,913",1,81088 NW Arthur Lane,American Reporting,EnergyTown,Illinois,10107-7089,COMMERCIAL,1963
10110/65c94,"267,578",1,105766 E Buckthorn Road,Real Freedom,EnergyTown,Illinois,10110-1072,COMMERCIAL,1984
10108/23890,"321,198",1,126421 NW Honeylocust Street,Temporary Housing Directory,EnergyTown,Illinois,10108-3242,COMMERCIAL,1979
10106/2570a,"346,769",1,41950 SW Mandarin Highway,MileStone Community Builders,EnergyTown,Illinois,10106-5306,COMMERCIAL,1986
10110/7eea9,"132,467",1,47762 E Guava Road,Pangea Properties,EnergyTown,Illinois,10110-4803,COMMERCIAL,1960
10107/65954,"82,973",1,134895 W Buckeye Boulevard,Matt Martin Real Estate Management,EnergyTown,Illinois,10107-1332,COMMERCIAL,2005
10101/5910c,"390,448",1,152914 NW Cherry Avenue,Celerity Ventures,EnergyTown,Illinois,10101-8337,COMMERCIAL,1975
10101/ff7ec,"234,587",1,194500 S Horsechestnut Boulevard,Marketplace Homes,EnergyTown,Illinois,10101-4574,COMMERCIAL,1981
10105/e4147,"251,899",1,162444 S Chinkapin Street,Apartment List,EnergyTown,Illinois,10105-5779,GARAGE/UNIMPROVED LAND,2012
10107/6b091,"256,129",1,38525 E Tangarine Avenue,Econohomes,EnergyTown,Illinois,10107-6468,COMMERCIAL,1915
10109/11cf5,309832sf,1,146819 NW Van Buren Highway,PropertyRate,EnergyTown,Illinois,10109-2097,COMMERCIAL,2003
10103/1e706,304902sf,1,200071 E Plum Way,Landmark Network,EnergyTown,Illinois,10103-8111,COMMERCIAL,1928
10110/212b5,"367,683",1,213645 E Myrtle Road,Memphis Invest,EnergyTown,Illinois,10110-5097,COMMERCIAL,1929
10101/efe3c,"392,032",1,224774 N Cypress Alley,ACT Appraisal,EnergyTown,Illinois,10101-7921,COMMERCIAL,1969
10103/f062c,"365,763",1,12412 NW Clementine Avenue,Levrose Commercial Real Estate,EnergyTown,Illinois,10103-8824,COMMERCIAL,1970
10108/90bc8,"206,659",1,27876 SW Chinkapin Street,Pro Teck Valuation Services,EnergyTown,Illinois,10108-9109,COMMERCIAL,1981
10103/884e4,"151,268",1,65903 E Cleveland Court,The Mount Vernon Company,EnergyTown,Illinois,10103-7767,COMMERCIAL,1965
10102/95c94,"66,318",1,35615 S Dogwood Way,Select Office Suites,EnergyTown,Illinois,10102-7433,COMMERCIAL,2001
10110/39f62,"335,912",1,45117 W Roosevelt Avenue,Schmidt Real Estate,EnergyTown,Illinois,10110-9579,COMMERCIAL,1927
10102/835dd,"353,776",1,178944 W Hawthorn Alley,Oakbrook,EnergyTown,Illinois,10102-8144,COMMERCIAL,1962
10103/d92ab,"184,417",1,73210 S Sweetgum Avenue,ERA Sunrise Realty,EnergyTown,Illinois,10103-5446,COMMERCIAL,1967
10102/ebbbc,"359,118",1,141564 NW Pears Boulevard,Keller Williams Realty,EnergyTown,Illinois,10102-9833,COMMERCIAL,1981
10110/43a53,"267,640",1,76655 SE Cordia Boulevard,CWS Corporate Leasing,EnergyTown,Illinois,10110-1247,COMMERCIAL,1982
10108/b0821,"343,420",1,99332 SE Lime Highway,Occidental Management,EnergyTown,Illinois,10108-3123,COMMERCIAL,1988
10101/caa75,"212,875",1,21417 NW Ford Alley,Morris Hardwick Schneider/Landcastle Title,EnergyTown,Illinois,10101-3167,COMMERCIAL,2010
10110/efbf0,"159,665",1,149612 W Mango Boulevard,Capital Title of Texas,EnergyTown,Illinois,10110-5315,COMMERCIAL,1955
10109/ce073,"163,766",1,179705 NW Madison Road,American Reporting,EnergyTown,Illinois,10109-1024,COMMERCIAL,1964
10101/cae1c,"90,246",1,147977 W Carissa Way,Real Freedom,EnergyTown,Illinois,10101-7904,COMMERCIAL,1960
10107/ec7e9,"272,782",1,103478 E Honeydew Lane,Temporary Housing Directory,EnergyTown,Illinois,10107-4579,COMMERCIAL,1950
10109/314bf,"279,445",1,151403 NW Plum Way,MileStone Community Builders,EnergyTown,Illinois,10109-4862,RESIDENTIAL-MULTI FAMILY,1961
10110/6145c,"226,245",1,236094 W Lemon Loop,Pangea Properties,EnergyTown,Illinois,10110-5059,HOTELS/MOTELS,1947
10110/29490,"252,385",1,168581 NW Buckeye Alley,Matt Martin Real Estate Management,EnergyTown,Illinois,10110-6435,COMMERCIAL,1974
10106/691b0,"94,646",1,122209 NE Tanoak Lane,Celerity Ventures,EnergyTown,Illinois,10106-2905,COMMERCIAL,1978
10101/5168d,"328,575",1,96586 S Alder Lane,Marketplace Homes,EnergyTown,Illinois,10101-7820,COMMERCIAL,1926
10109/8a4e7,"376,566",1,47878 W Madison Road,Apartment List,EnergyTown,Illinois,10109-9642,COMMERCIAL,1984
10101/132e1,"68,177",1,198832 SE Arthur Loop,Econohomes,EnergyTown,Illinois,10101-4795,COMMERCIAL,1956
10108/46dce,"354,068",1,186620 SW Van Buren Alley,PropertyRate,EnergyTown,Illinois,10108-1275,COMMERCIAL,1983
10106/30e00,"72,629",1,14119 SE Palm Way,Landmark Network,EnergyTown,Illinois,10106-9130,COMMERCIAL,1947
10101/25e4b,"323,725",1,162695 NW Monroe Alley,Memphis Invest,EnergyTown,Illinois,10101-8073,COMMERCIAL,1964
10104/d4122,"233,321",1,12302 SW Garfield Court,ACT Appraisal,EnergyTown,Illinois,10104-9326,COMMERCIAL,1963
10106/a282f,"281,797",1,91092 SE Willow Alley,Innotion Enterprises,EnergyTown,Illinois,10106-9254,HOTELS/MOTELS,1965
10107/b83bc,"133,497",1,219121 W Poplar Alley,The Force Realty,EnergyTown,Illinois,10107-8305,COMMERCIAL,1978
10103/40e88,"225,803",1,29724 W Buckeye Way,PalmerHouse Properties,EnergyTown,Illinois,10103-2568,COMMERCIAL,1979
10104/b6775,"319,046",1,186838 NE Basswood Boulevard,CoesterVMS,EnergyTown,Illinois,10104-7344,COMMERCIAL,1985
10109/e58d8,"398,146",1,216231 N Hazel Alley,Hawaii Life,EnergyTown,Illinois,10109-7352,COMMERCIAL,1987
10102/67bc4,"263,526",1,147524 W Fir Boulevard,Apex Home Loans,EnergyTown,Illinois,10102-8497,COMMERCIAL,1990
10108/ef88b,"112,101",1,24444 NW Clinton Court,Stress Free Property Management,EnergyTown,Illinois,10108-9067,COMMERCIAL,1978
10101/9280d,"274,374",1,226375 N Truman Loop,Fairplay Financial,EnergyTown,Illinois,10101-1908,COMMERCIAL,1982
10105/e6a13,"84,387",1,241069 SW Dogwood Highway,Nationwide Appraisal Network,EnergyTown,Illinois,10105-3321,COMMERCIAL,1980
10107/d96b8,"265,779",1,165800 S Olive Highway,Robert Paul Properties,EnergyTown,Illinois,10107-4001,COMMERCIAL,1955
10101/b2a57,"122,712",1,186771 E Polk Street,Trulia,EnergyTown,Illinois,10101-1225,COMMERCIAL,1935
10110/f69a2,"60,462",1,52524 NE Roosevelt Alley,The Ruby Group,EnergyTown,Illinois,10110-2766,COMMERCIAL,1979
10102/d2ab2,"279,414",1,58027 NW Apricots Court,Valuation Management Group,EnergyTown,Illinois,10102-5461,COMMERCIAL,1965
10101/4fa4d,"359,601",1,57318 SE Wilson Loop,Hipercept,EnergyTown,Illinois,10101-1505,COMMERCIAL,1909
10109/8ea35,"252,930",1,190741 NW Aspen Alley,Accurate Group,EnergyTown,Illinois,10109-5278,HOTELS/MOTELS,1940
10103/9971f,"284,692",1,110271 S Tyler Lane,Nest Realty,EnergyTown,Illinois,10103-6146,CONDO,
10101/5b284,"397,747",1,83980 SE Chestnut Boulevard,JWB Real Estate Companies,EnergyTown,Illinois,10101-2509,RESIDENTIAL-MULTI FAMILY,1916
10104/75084,"192,764",1,1469 E Buckthorn Alley,Real Property Management,EnergyTown,Illinois,10104-9172,RESIDENTIAL-MULTI FAMILY,1917
10107/14cc2,"321,604",1,108988 SE True Highway,Distinctive Properties,EnergyTown,Illinois,10107-4780,CONDO,
10101/9db07,"73,993",1,101108 SW Sycamore Avenue,Clear Title Agency of AZ,EnergyTown,Illinois,10101-4188,RESIDENTIAL-MULTI FAMILY,1914
10101/5f8be,"201,516",1,113857 SW Pear Street,Trust Field Services,EnergyTown,Illinois,10101-2521,COMMERCIAL,1919
10101/909fd,"296,318",1,131438 E Cypress Boulevard,GRS Group,EnergyTown,Illinois,10101-9431,RESIDENTIAL-MULTI FAMILY,1939
10104/92baf,"216,136",1,20288 NW Obama Boulevard,Renters Warehouse,EnergyTown,Illinois,10104-2970,COMMERCIAL,1963
10106/d4150,"80,284",1,126382 SW Giant Lane,Reliant Realty,EnergyTown,Illinois,10106-2863,COMMERCIAL,1959
10110/eb54e,"236,965",1,93624 N Alder Way,Meridian Pacific Properties,EnergyTown,Illinois,10110-5561,COMMERCIAL,1997
10110/5f905,"66,188",1,92910 NW Papaya Court,Guaranteed Rate,EnergyTown,Illinois,10110-6668,RESIDENTIAL-MULTI FAMILY,0
10104/af3b8,"159,512",1,217490 S Bush Way,JMA Properties,EnergyTown,Illinois,10104-4338,CONDO,
10107/a1bc5,"111,677",1,174743 SW True Highway,NTP Wireless,EnergyTown,Illinois,10107-6589,CONDO,
10107/89991,"127,884",1,25230 W True Loop,Teles Properties,EnergyTown,Illinois,10107-9825,CONDO,
10106/1cd18,"231,495",1,53888 E Sycamore Loop,Kinder Reese,EnergyTown,Illinois,10106-8683,COMMERCIAL,1968
10102/b1dc3,"355,744",1,79794 NW Hayes Loop,Cal-American Homes,EnergyTown,Illinois,10102-2681,COMMERCIAL,1970
10102/6a342,"318,796",1,104558 E Tyler Loop,ePropertySites.com,EnergyTown,Illinois,10102-9503,COMMERCIAL,1981
10102/feaac,"187,528",1,22305 W California Way,NathanTabor.com,EnergyTown,Illinois,10102-1794,COMMERCIAL,1962
10102/521c9,"172,192",1,99258 S Cottonwood Alley,Urban Lending Solutions,EnergyTown,Illinois,10102-9359,HOTELS/MOTELS,1964
10108/940d4,"346,716",1,202915 NE Papaya Avenue,Keller Williams Capital Properties,EnergyTown,Illinois,10108-7954,COMMERCIAL CONDO,
10107/d1bae,"183,320",1,102708 W Watermelon Lane,Real Capital Markets,EnergyTown,Illinois,10107-3042,COMMERCIAL,1970
10104/a79eb,"121,133",1,204154 NE Dogwood Lane,DLP Realty,EnergyTown,Illinois,10104-9311,COMMERCIAL,1968
10110/5a2e9,"282,652",1,89714 W Hemlock Road,World Wide Land Transfer,EnergyTown,Illinois,10110-3735,COMMERCIAL,1978
10102/b5ce8,"326,363",1,67980 E Elm Boulevard,HousingWire,EnergyTown,Illinois,10102-2549,COMMERCIAL,1941
10108/438f7,"322,333",3,166502 NE Hemlock Road,Nationwide Title Clearing,EnergyTown,Illinois,10108-7408,COMMERCIAL,1908
10105/142af,"386,045",1,94598 W Clementine Highway,Platinum Realty,EnergyTown,Illinois,10105-7974,COMMERCIAL,1966
10106/576c0,"208,071",1,244219 S Hawthorn Alley,US Appraisal Group,EnergyTown,Illinois,10106-4823,COMMERCIAL,1968
10101/f67d7,"74,308",1,80827 NE Obama Court,The Menkiti Group,EnergyTown,Illinois,10101-1519,COMMERCIAL,1965
10110/8b1be,"309,403",1,236988 N Cordia Way,Elite Pacific Properties,EnergyTown,Illinois,10110-5811,COMMERCIAL,1967
10102/b0a1a,"135,818",1,237605 E Tanoak Alley,Samuel Scott Financial Group,EnergyTown,Illinois,10102-2567,COMMERCIAL,1959
10110/13814,398407sf,1,240641 E Honeydew Highway,Professinal Home Buyers,EnergyTown,Illinois,10110-5818,COMMERCIAL,1975
10101/8d998,"355,670",1,206941 SE Arthur Street,Maximum One Realty Greater Atlanta,EnergyTown,Illinois,10101-7951,COMMERCIAL,1984
10104/7cd66,"193,843",1,205931 NE Incense Highway,Streetsense,EnergyTown,Illinois,10104-3836,COMMERCIAL,1963
10106/3ecb6,"278,480",1,98457 N Fillmore Way,Boulder Creek Builders,EnergyTown,Illinois,10106-2302,COMMERCIAL,1965
10102/228e2,"107,487",1,66139 NE Mango Court,ATG Title,EnergyTown,Illinois,10102-4172,COMMERCIAL,1962
10108/cbf55,"359,379",1,197211 NE Holly Loop,LGI Development,EnergyTown,Illinois,10108-2032,COMMERCIAL,1971
10109/b959b,"284,683",1,94390 W Hawthorn Road,Tim O'Brien Homes,EnergyTown,Illinois,10109-3632,COMMERCIAL,1978
10101/55160,"299,174",1,3649 W Washington Way,McGeough Lamacchia Realty,EnergyTown,Illinois,10101-1632,COMMERCIAL,1980
10107/9728a,333301 sq. ft,1,211374 NE Nixon Court,Bean Group,EnergyTown,Illinois,10107-7505,HOTELS/MOTELS,1925
10103/c94b4,"148,791",1,1086 W Apricots Alley,Gorilla Capital,EnergyTown,Illinois,10103-1298,COMMERCIAL,1984
10110/91f8c,"273,132",1,187027 W Alder Avenue,1st Equity,EnergyTown,Illinois,10110-7241,COMMERCIAL,1988
10109/17b7e,"305,438",1,212701 NW Polk Boulevard,Realty ONE Group,EnergyTown,Illinois,10109-1758,COMMERCIAL,1963
10108/7e35b,"155,963",1,117368 W Walnut Street,Asset Realty Group,EnergyTown,Illinois,10108-2197,COMMERCIAL,1962
10109/68ade,"104,033",1,141047 W Johnson Street,Movoto,EnergyTown,Illinois,10109-3896,COMMERCIAL,1969
10109/21329,"125,353",1,85848 NW Maple Loop,American Eagle Mortgage,EnergyTown,Illinois,10109-6838,COMMERCIAL,1970
10109/4550c,"236,260",1,214531 N Honeylocust Court,@Properties,EnergyTown,Illinois,10109-4816,COMMERCIAL,1981
10109/849b4,"153,402",1,218041 NW Hawthorn Lane,Conservice,EnergyTown,Illinois,10109-5862,GARAGE/UNIMPROVED LAND,2012
10109/f8b70,"346,583",1,175795 E Juniper Lane,HomeSmart,EnergyTown,Illinois,10109-2485,COMMERCIAL,1963
10104/561df,"312,475",1,139848 NE Plantain Avenue,MG Properties Group,EnergyTown,Illinois,10104-5521,COMMERCIAL,1954
10104/3bf94,"382,676",1,68234 SE Incense Court,Pacific Union International,EnergyTown,Illinois,10104-3667,COMMERCIAL,1953
10110/a2b5d,"381,968",1,17430 E Cantaloupe Highway,Sperry Van Ness International,EnergyTown,Illinois,10110-6925,COMMERCIAL,1967
10103/4aa1d,"338,350",1,83268 S Tyler Avenue,Asset Plus Companies,EnergyTown,Illinois,10103-9735,COMMERCIAL,1974
10110/76274,"103,958",1,41415 NE Ash Highway,Prudential Americana Group Realtors,EnergyTown,Illinois,10110-2587,COMMERCIAL,1991
10110/35cb1,"50,838",1,47081 SW Aspen Lane,ISGN,EnergyTown,Illinois,10110-5469,HOTELS/MOTELS,1926
10106/3ba7c,"290,553",1,21705 S Apricots Street,Kidder Mathews,EnergyTown,Illinois,10106-8005,COMMERCIAL,1961
10104/71c4c,"246,691",1,179851 E Jefferson Lane,Levrose Commercial Real Estate,EnergyTown,Illinois,10104-8339,COMMERCIAL,1977
10101/9c91a,"201,228",1,190412 S Jefferson Lane,Pro Teck Valuation Services,EnergyTown,Illinois,10101-8791,COMMERCIAL,1962
10110/77bc2,"115,166",1,179201 SE Catalpa Loop,The Mount Vernon Company,EnergyTown,Illinois,10110-4268,COMMERCIAL,1969
10109/6e9e1,"223,085",1,195941 E Van Buren Avenue,Select Office Suites,EnergyTown,Illinois,10109-5530,COMMERCIAL,1975
10107/b3397,"371,165",1,85120 E Chestnut Court,Schmidt Real Estate,EnergyTown,Illinois,10107-1860,COMMERCIAL,1960
10107/c6285,"214,953",1,39443 SE Taft Boulevard,Oakbrook,EnergyTown,Illinois,10107-8357,COMMERCIAL,2002
10101/6fa4d,"95,526",1,90677 N Pears Highway,ERA Sunrise Realty,EnergyTown,Illinois,10101-8364,COMMERCIAL,1908
10108/c40ac,"316,430",1,17671 N McKinley Alley,Keller Williams Realty,EnergyTown,Illinois,10108-8428,COMMERCIAL,1989
10108/36315,"148,091",1,11887 W Cottonwood Court,CWS Corporate Leasing,EnergyTown,Illinois,10108-8243,RESIDENTIAL-MULTI FAMILY,1959
10105/2672f,"234,015",1,133552 S Grapes Street,Occidental Management,EnergyTown,Illinois,10105-6555,COMMERCIAL,1965
10108/60dd2,"161,865",1,231480 SE Grant Court,Morris Hardwick Schneider/Landcastle Title,EnergyTown,Illinois,10108-7167,COMMERCIAL,1972
10102/58614,"301,752",1,195939 N Sweetgum Loop,Capital Title of Texas,EnergyTown,Illinois,10102-3203,COMMERCIAL,1963
10102/f3076,"351,216",1,88468 SE Sweetgum Lane,American Reporting,EnergyTown,Illinois,10102-8071,COMMERCIAL,1986
10105/a5acf,"53,769",1,161014 W Truman Lane,Real Freedom,EnergyTown,Illinois,10105-3879,COMMERCIAL,1978
10103/529b7,"188,614",1,30326 W Buchanan Lane,Temporary Housing Directory,EnergyTown,Illinois,10103-9119,COMMERCIAL,1981
10106/4bdb7,"218,999",1,178923 W Cottonwood Lane,MileStone Community Builders,EnergyTown,Illinois,10106-4951,COMMERCIAL,1971
10104/8ce2f,"262,670",1,1997 NW Lime Way,Pangea Properties,EnergyTown,Illinois,10104-6653,COMMERCIAL,1971
10107/bcaf5,"160,338",1,158345 W Chinkapin Court,Matt Martin Real Estate Management,EnergyTown,Illinois,10107-5482,COMMERCIAL,1972
10103/7c7c1,"339,827",1,150264 N Olive Loop,Celerity Ventures,EnergyTown,Illinois,10103-4656,COMMERCIAL,1962
10109/7562a,"250,134",1,56877 SW Taylor Road,Marketplace Homes,EnergyTown,Illinois,10109-2894,COMMERCIAL,1973
10103/b5966,"346,023",6,230898 NW Juniper Lane,Apartment List,EnergyTown,Illinois,10103-5555,COMMERCIAL,1912
10107/72ae0,"286,853",6,158660 W Pine Avenue,Econohomes,EnergyTown,Illinois,10107-6003,COMMERCIAL,1909
10102/32301,"208,589",1,200367 N Aspen Highway,PropertyRate,EnergyTown,Illinois,10102-2660,COMMERCIAL CONDO,
10104/df976,"352,418",1,8035 E Papaya Avenue,Landmark Network,EnergyTown,Illinois,10104-6091,COMMERCIAL,1921
10102/e38f0,"92,739",1,38102 W Madison Lane,Memphis Invest,EnergyTown,Illinois,10102-4608,RESIDENTIAL-MULTI FAMILY,1927
10110/5982f,"71,068",1,91646 SW Tanoak Court,ACT Appraisal,EnergyTown,Illinois,10110-2664,RESIDENTIAL-MULTI FAMILY,1927
10110/8c8af,"361,611",1,199664 S Palm Avenue,Innotion Enterprises,EnergyTown,Illinois,10110-9626,RESIDENTIAL-MULTI FAMILY,1941
10106/a19cc,"248,238",1,153083 SE Polk Boulevard,The Force Realty,EnergyTown,Illinois,10106-6120,RESIDENTIAL-MULTI FAMILY,1917
10105/142c0,"64,682",1,95045 S Plantain Court,PalmerHouse Properties,EnergyTown,Illinois,10105-6882,RESIDENTIAL-MULTI FAMILY,1923
10109/4eada,"135,380",1,148735 E Honeylocust Lane,CoesterVMS,EnergyTown,Illinois,10109-3957,COMMERCIAL,1989
10108/2a3b0,"173,219",1,103463 SE Pine Road,Hawaii Life,EnergyTown,Illinois,10108-8096,RESIDENTIAL-MULTI FAMILY,1924
10106/427f8,"97,493",1,151463 N Sweetgum Street,Apex Home Loans,EnergyTown,Illinois,10106-9892,RESIDENTIAL-MULTI FAMILY,2001
10103/9e468,"390,336",1,194183 SE Birch Highway,Stress Free Property Management,EnergyTown,Illinois,10103-5080,CONDO,
10110/6dd4a,"91,355",1,137299 SW Hemlock Loop,Fairplay Financial,EnergyTown,Illinois,10110-9712,COMMERCIAL,1904
10104/1bd08,"139,384",1,97036 N Eisenhower Road,Nationwide Appraisal Network,EnergyTown,Illinois,10104-1863,RESIDENTIAL-MULTI FAMILY,0
10104/c0c16,"165,809",1,114328 W Grapefruit Court,Robert Paul Properties,EnergyTown,Illinois,10104-2347,COMMERCIAL,1972
10108/75932,"283,903",3,22429 W Mahogany Loop,Trulia,EnergyTown,Illinois,10108-9346,COMMERCIAL,1909
10109/55205,"285,795",1,120594 W Hayes Way,The Ruby Group,EnergyTown,Illinois,10109-9760,COMMERCIAL,1918
10110/9ca40,"336,298",1,15135 S Arborvitae Boulevard,Valuation Management Group,EnergyTown,Illinois,10110-5087,COMMERCIAL,1961
10109/f76ba,"382,980",1,228511 NW Van Buren Street,Hipercept,EnergyTown,Illinois,10109-1487,COMMERCIAL,1988
10108/d2b1e,"121,363",1,196903 E Ford Loop,Accurate Group,EnergyTown,Illinois,10108-6632,COMMERCIAL,1959
10108/e426c,"392,035",1,154432 SW Apple Loop,Nest Realty,EnergyTown,Illinois,10108-8988,CONDO,
10102/4209b,"94,719",1,108098 W Roosevelt Way,JWB Real Estate Companies,EnergyTown,Illinois,10102-2486,COMMERCIAL,1957
10105/28ccf,"281,401",1,163777 SW Hayes Boulevard,Real Property Management,EnergyTown,Illinois,10105-6858,COMMERCIAL,2001
10108/10f0e,"221,632",1,188145 SW Palm Way,Distinctive Properties,EnergyTown,Illinois,10108-6940,HOTELS/MOTELS,1922
10107/24321,"323,984",1,99676 N Oak Lane,Clear Title Agency of AZ,EnergyTown,Illinois,10107-4524,COMMERCIAL,1985
10103/eafdd,"75,130",1,206960 S Guava Loop,Trust Field Services,EnergyTown,Illinois,10103-6457,HOTELS/MOTELS,1956
10103/43575,"115,726",1,216971 NW True Way,GRS Group,EnergyTown,Illinois,10103-5749,HOTELS/MOTELS,1963
10110/c9bd3,240292 sq. ft.,1,190631 S Locust Lane,Renters Warehouse,EnergyTown,Illinois,10110-9828,COMMERCIAL,1940
10105/b6224,"250,518",1,25085 E Hemlock Highway,Reliant Realty,EnergyTown,Illinois,10105-6170,COMMERCIAL,1956
10110/cbc8e,"187,229",1,202071 W Cantaloupe Highway,Meridian Pacific Properties,EnergyTown,Illinois,10110-7715,COMMERCIAL,1955
10102/2fed7,"68,026",1,166985 N Ash Court,Guaranteed Rate,EnergyTown,Illinois,10102-1159,COMMERCIAL,1964
10105/33b5d,"137,058",1,236248 NE Apples Avenue,JMA Properties,EnergyTown,Illinois,10105-9531,COMMERCIAL,1984
10104/ca2fa,"334,977",1,134273 SW Orange Street,NTP Wireless,EnergyTown,Illinois,10104-5033,COMMERCIAL,1962
10105/b15e7,"254,468",1,139068 NE Coolidge Loop,Teles Properties,EnergyTown,Illinois,10105-1800,COMMERCIAL,1983
10103/69b9f,"319,176",1,118829 W Reagan Avenue,Kinder Reese,EnergyTown,Illinois,10103-6010,COMMERCIAL,1963
10107/908be,"134,266",1,75381 NE Madison Road,Cal-American Homes,EnergyTown,Illinois,10107-6450,COMMERCIAL,1983
10103/b3ca4,"97,919",1,237608 S Grapes Street,ePropertySites.com,EnergyTown,Illinois,10103-6859,COMMERCIAL,2005
10108/ad0e2,"207,918",1,67271 SW Melon Boulevard,NathanTabor.com,EnergyTown,Illinois,10108-6983,COMMERCIAL,2006
10102/69847,"298,175",1,235306 NE Hazel Road,Urban Lending Solutions,EnergyTown,Illinois,10102-2922,COMMERCIAL,1941
10101/27d4b,"288,029",1,16643 W Ford Alley,Keller Williams Capital Properties,EnergyTown,Illinois,10101-3986,COMMERCIAL,1977
10103/dbe92,"117,962",1,184910 SE Melon Street,Real Capital Markets,EnergyTown,Illinois,10103-4111,RESIDENTIAL-MULTI FAMILY,1923
10109/ef4cb,"262,161",1,8656 SE Cypress Boulevard,DLP Realty,EnergyTown,Illinois,10109-4267,COMMERCIAL,1968
10101/ee51f,"336,155",1,244944 SE Taft Loop,World Wide Land Transfer,EnergyTown,Illinois,10101-6469,COMMERCIAL,1989
10110/b59c7,"283,500",1,106522 SW Pineapple Lane,HousingWire,EnergyTown,Illinois,10110-7341,COMMERCIAL,1974
10110/b0483,"365,531",1,244081 E Papaya Avenue,Nationwide Title Clearing,EnergyTown,Illinois,10110-9324,COMMERCIAL,1950
10105/fdabc,"238,015",1,58478 N Polk Loop,Platinum Realty,EnergyTown,Illinois,10105-6431,COMMERCIAL,1958
10110/e77c3,"142,730",1,211348 E Kennedy Street,US Appraisal Group,EnergyTown,Illinois,10110-1558,COMMERCIAL,2002
10105/c1dd0,"196,057",1,162926 S Citron Boulevard,The Menkiti Group,EnergyTown,Illinois,10105-9644,COMMERCIAL,1913
10102/53bcc,"337,327",1,43200 N Carissa Boulevard,Elite Pacific Properties,EnergyTown,Illinois,10102-7533,COMMERCIAL,1969
10108/4c062,"128,696",1,80535 W Fillmore Avenue,Samuel Scott Financial Group,EnergyTown,Illinois,10108-6485,COMMERCIAL,1971
10105/4be8d,"352,478",1,217657 E Banana Road,Professinal Home Buyers,EnergyTown,Illinois,10105-8393,COMMERCIAL,1924
10110/94692,"59,501",1,101963 S Van Buren Street,Maximum One Realty Greater Atlanta,EnergyTown,Illinois,10110-4019,HOTELS/MOTELS,1928
10110/bc316,"378,745",1,80310 N Myrtle Court,Streetsense,EnergyTown,Illinois,10110-6067,COMMERCIAL,1964
10108/f5eea,"389,401",1,223819 NW Pierce Way,Boulder Creek Builders,EnergyTown,Illinois,10108-1244,COMMERCIAL CONDO,
10105/f1f2e,"126,374",1,197892 NW Carissa Court,ATG Title,EnergyTown,Illinois,10105-2179,RESIDENTIAL-MULTI FAMILY,1919
10106/fdb45,"51,843",1,115504 S Guava Avenue,LGI Development,EnergyTown,Illinois,10106-4109,RESIDENTIAL-MULTI FAMILY,1909
10108/8ac1a,"146,667",1,244589 SW True Street,Tim O'Brien Homes,EnergyTown,Illinois,10108-3112,RESIDENTIAL-MULTI FAMILY,1926
10101/3f4f9,"235,166",1,143991 SW Harrison Way,McGeough Lamacchia Realty,EnergyTown,Illinois,10101-7553,RESIDENTIAL-MULTI FAMILY,0
10102/efcbd,"88,258",1,221447 NE Pear Boulevard,Bean Group,EnergyTown,Illinois,10102-9150,RESIDENTIAL-MULTI FAMILY,1918
10109/5500f,"200,723",1,62278 SW Apples Court,Gorilla Capital,EnergyTown,Illinois,10109-7024,RESIDENTIAL-MULTI FAMILY,1920
10101/528fc,"210,140",1,98737 NW Van Buren Court,1st Equity,EnergyTown,Illinois,10101-1548,COMMERCIAL,0
10110/c74be,"388,106",1,187913 SE Apple Way,Realty ONE Group,EnergyTown,Illinois,10110-6183,HOTELS/MOTELS,1968
10106/b98be,"169,687",1,202626 W Olive Road,Asset Realty Group,EnergyTown,Illinois,10106-8096,HOTELS/MOTELS,1960
10108/5d71a,"254,429",1,17837 SW Birch Way,Movoto,EnergyTown,Illinois,10108-9758,HOTELS/MOTELS,1964
10110/c2353,"392,952",1,149484 N Coolidge Highway,American Eagle Mortgage,EnergyTown,Illinois,10110-4583,COMMERCIAL,1909
10103/3de2a,"307,659",1,199582 E Maple Highway,@Properties,EnergyTown,Illinois,10103-3267,CONDO,
10108/f6ce6,"206,691",1,138030 SE Kennedy Street,Conservice,EnergyTown,Illinois,10108-7794,COMMERCIAL,1962
10109/2a3ea,"160,653",3,66777 N Pear Alley,HomeSmart,EnergyTown,Illinois,10109-5867,COMMERCIAL,1991
10104/6ed43,"397,687",1,170273 SW Redwood Highway,MG Properties Group,EnergyTown,Illinois,10104-4559,RESIDENTIAL-MULTI FAMILY,1952
10106/76d4a,"250,805",1,136273 W Grapefruit Highway,Pacific Union International,EnergyTown,Illinois,10106-5430,COMMERCIAL,1991
10105/67c36,"322,971",1,61537 SE Pineapple Highway,Sperry Van Ness International,EnergyTown,Illinois,10105-2899,COMMERCIAL,1968
10105/5fa0a,"297,375",1,179234 SE Juniper Way,Asset Plus Companies,EnergyTown,Illinois,10105-1016,COMMERCIAL,1970
10105/77ead,"387,617",1,76451 N Honeylocust Court,Prudential Americana Group Realtors,EnergyTown,Illinois,10105-8846,COMMERCIAL,1981
10108/9e9d8,"247,361",1,31707 W Cantaloupe Loop,ISGN,EnergyTown,Illinois,10108-4342,COMMERCIAL,1974
10102/15661,"311,618",1,181742 SW Walnut Way,Kidder Mathews,EnergyTown,Illinois,10102-6740,COMMERCIAL,1921
10106/4875d,"73,238",1,23901 E Pineapple Road,Levrose Commercial Real Estate,EnergyTown,Illinois,10106-6999,COMMERCIAL,1959
10105/f9e50,"266,330",1,165141 S Kennedy Lane,Pro Teck Valuation Services,EnergyTown,Illinois,10105-2788,COMMERCIAL,1988
10108/a1287,"239,314",1,203344 SE Carissa Road,The Mount Vernon Company,EnergyTown,Illinois,10108-5831,COMMERCIAL,2007
10106/c29bc,"347,415",1,213684 NE Pierce Avenue,Select Office Suites,EnergyTown,Illinois,10106-8797,COMMERCIAL,1972
10101/41bb1,"388,473",1,236410 NW Cedar Way,Schmidt Real Estate,EnergyTown,Illinois,10101-6831,HOTELS/MOTELS,1944
10106/f2249,"84,149",1,167885 SW Elm Alley,Oakbrook,EnergyTown,Illinois,10106-4962,COMMERCIAL,1963
10106/55425,"169,765",1,75548 S Mango Boulevard,ERA Sunrise Realty,EnergyTown,Illinois,10106-2227,COMMERCIAL,1923
10109/bbae0,"244,227",1,96925 SE True Lane,Keller Williams Realty,EnergyTown,Illinois,10109-3901,COMMERCIAL,1964
10109/4c951,"338,154",1,67194 NW Mahogany Avenue,CWS Corporate Leasing,EnergyTown,Illinois,10109-4805,HOTELS/MOTELS,1927
10104/b5f46,"353,448",1,151935 N Fillmore Street,Occidental Management,EnergyTown,Illinois,10104-3163,COMMERCIAL,1959
10107/abab4,"270,014",1,113976 N Lincoln Highway,Morris Hardwick Schneider/Landcastle Title,EnergyTown,Illinois,10107-7700,COMMERCIAL,1979
10102/cdc40,"120,932",1,45612 E Garfield Way,Capital Title of Texas,EnergyTown,Illinois,10102-9747,COMMERCIAL,1929
10102/d9050,"263,077",1,137291 SW Buchanan Highway,American Reporting,EnergyTown,Illinois,10102-5447,RESIDENTIAL-MULTI FAMILY,1932
10107/65e4a,"320,699",1,103731 E Cypress Highway,Real Freedom,EnergyTown,Illinois,10107-8588,RESIDENTIAL-MULTI FAMILY,2002
10107/3a8e7,"215,904",1,240367 S Cordia Court,Temporary Housing Directory,EnergyTown,Illinois,10107-9150,COMMERCIAL,1956
10108/64fa4,381980 sf,10,89391 NE Roosevelt Street,MileStone Community Builders,EnergyTown,Illinois,10108-7483,COMMERCIAL,1875
10110/2ca1e,"317,353",1,31553 S Buchanan Road,Pangea Properties,EnergyTown,Illinois,10110-9396,RESIDENTIAL-MULTI FAMILY,1978
10108/6236c,"50,477",1,92200 W Truman Loop,Matt Martin Real Estate Management,EnergyTown,Illinois,10108-8383,COMMERCIAL,1910
10106/11169,"76,497",1,165348 E Taylor Alley,Celerity Ventures,EnergyTown,Illinois,10106-3406,COMMERCIAL,2012
10106/2cb39,"187,605",1,13985 SE Van Buren Street,Marketplace Homes,EnergyTown,Illinois,10106-8929,COMMERCIAL,1904
10102/8dfc7,"149,252",1,120376 SW Wilson Boulevard,Apartment List,EnergyTown,Illinois,10102-6267,CONDO,
10101/36bfc,"302,514",1,199110 W Myrtle Boulevard,Econohomes,EnergyTown,Illinois,10101-9430,RESIDENTIAL-MULTI FAMILY,2002
10110/21619,"373,392",1,122080 E Oak Way,PropertyRate,EnergyTown,Illinois,10110-8070,RESIDENTIAL-MULTI FAMILY,2004
10105/67bb0,"88,389",1,189035 SE Larch Lane,Landmark Network,EnergyTown,Illinois,10105-5219,CONDO,
10108/67de8,"230,741",1,142115 W Pineapple Way,Memphis Invest,EnergyTown,Illinois,10108-4608,CONDO,
10103/a7c22,"349,971",1,3755 SE Johnson Court,ACT Appraisal,EnergyTown,Illinois,10103-3674,CONDO,
10107/9d329,"253,772",1,10699 S Redwood Lane,Innotion Enterprises,EnergyTown,Illinois,10107-8716,CONDO,
10106/66eab,"212,618",1,72450 SE Tanoak Road,The Force Realty,EnergyTown,Illinois,10106-8952,RESIDENTIAL-MULTI FAMILY,1966
10104/d3d49,"324,573",1,46768 N Oak Road,PalmerHouse Properties,EnergyTown,Illinois,10104-2210,RESIDENTIAL-MULTI FAMILY,1980
10104/29b33,"56,335",1,63924 S Yew Highway,CoesterVMS,EnergyTown,Illinois,10104-4769,COMMERCIAL,1999
10104/46025,"150,490",1,200869 S Incense Way,Hawaii Life,EnergyTown,Illinois,10104-7106,CONDO,
10107/6a1f6,"342,087",1,145903 S Jackson Loop,Apex Home Loans,EnergyTown,Illinois,10107-1226,RESIDENTIAL-MULTI FAMILY,1965
10105/4b073,"268,758",1,22500 E Spruce Court,Stress Free Property Management,EnergyTown,Illinois,10105-1995,RESIDENTIAL-MULTI FAMILY,1965
10110/62464,"100,687",1,213859 W Tanoak Court,Fairplay Financial,EnergyTown,Illinois,10110-9750,RESIDENTIAL-MULTI FAMILY,1930
10104/53e64,"346,940",1,33080 SE True Loop,Nationwide Appraisal Network,EnergyTown,Illinois,10104-1169,HOTELS/MOTELS,1965
10109/b28a9,"125,112",1,159546 SW Oak Highway,Robert Paul Properties,EnergyTown,Illinois,10109-3480,RESIDENTIAL-MULTI FAMILY,1936
10105/19a7c,"339,416",1,27407 W Clinton Way,Trulia,EnergyTown,Illinois,10105-8084,RESIDENTIAL-MULTI FAMILY,2002
10109/5a6d5,"293,421",1,207224 W Clinton Boulevard,The Ruby Group,EnergyTown,Illinois,10109-5381,HOTELS/MOTELS,2001
10109/eb8d0,"388,041",3,148624 SW Clinton Loop,Valuation Management Group,EnergyTown,Illinois,10109-6487,COMMERCIAL,1930
10104/70271,"333,353",1,159643 NW True Avenue,Hipercept,EnergyTown,Illinois,10104-4701,CONDO,
10108/1b446,"235,225",1,25104 NW Arthur Lane,Accurate Group,EnergyTown,Illinois,10108-4108,CONDO,
10103/a6deb,"271,570",1,58847 W Lincoln Lane,Nest Realty,EnergyTown,Illinois,10103-2443,COMMERCIAL CONDO,
10102/1f175,"142,128",1,204239 NW Wilson Loop,JWB Real Estate Companies,EnergyTown,Illinois,10102-7194,COMMERCIAL,1973
10106/a3685,"160,444",1,114186 SE Obama Road,Real Property Management,EnergyTown,Illinois,10106-7986,COMMERCIAL,1967
10108/e225d,"234,977",1,164223 SW Guava Loop,Distinctive Properties,EnergyTown,Illinois,10108-6807,COMMERCIAL,1969
10108/23359,"382,843",1,114234 NW Bush Loop,Clear Title Agency of AZ,EnergyTown,Illinois,10108-5455,COMMERCIAL,1970
10108/7a748,"271,215",1,132432 W McKinley Loop,Trust Field Services,EnergyTown,Illinois,10108-2605,COMMERCIAL,1976
10109/6e78b,"303,366",1,52270 SE Elm Alley,GRS Group,EnergyTown,Illinois,10109-2951,COMMERCIAL,1980
10110/99c47,"364,578",1,136864 W Apples Way,Renters Warehouse,EnergyTown,Illinois,10110-5685,COMMERCIAL,1981
10106/69ccc,"67,421",1,159684 W Ford Way,Reliant Realty,EnergyTown,Illinois,10106-5809,COMMERCIAL,1964
10105/6b7c3,"371,595",1,108883 E Filbert Road,Meridian Pacific Properties,EnergyTown,Illinois,10105-4759,HOTELS/MOTELS,1962
10104/7519f,"115,886",1,71395 N Horsechestnut Highway,Guaranteed Rate,EnergyTown,Illinois,10104-8687,COMMERCIAL,1981
10104/9cd14,"357,695",1,66883 SW Date Street,JMA Properties,EnergyTown,Illinois,10104-3983,HOTELS/MOTELS,1982
10108/7888c,"54,718",1,74477 SW Honeylocust Road,NTP Wireless,EnergyTown,Illinois,10108-8429,HOTELS/MOTELS,1967
10107/42314,"377,323",1,31654 S Olive Lane,Teles Properties,EnergyTown,Illinois,10107-2780,COMMERCIAL,1981
10109/afa2e,"93,436",1,172390 NE Hayes Avenue,Kinder Reese,EnergyTown,Illinois,10109-7580,COMMERCIAL,1926
10105/73066,"351,018",1,153897 E Carissa Court,Cal-American Homes,EnergyTown,Illinois,10105-9243,COMMERCIAL,1979
10107/6f0e7,"333,958",1,232993 SE Eisenhower Alley,ePropertySites.com,EnergyTown,Illinois,10107-6943,COMMERCIAL,1980
10101/5c1d9,"166,581",1,22214 N Pineapple Court,NathanTabor.com,EnergyTown,Illinois,10101-7282,COMMERCIAL,1985
10106/b1e7f,"362,883",1,239342 NW Roosevelt Loop,Urban Lending Solutions,EnergyTown,Illinois,10106-4097,COMMERCIAL,1950
10106/f1d83,"378,701",1,168893 E Johnson Way,Keller Williams Capital Properties,EnergyTown,Illinois,10106-9237,COMMERCIAL,1954
10105/added,"345,669",1,188620 SE Lemon Street,Real Capital Markets,EnergyTown,Illinois,10105-9486,COMMERCIAL,1964
10101/4332d,"104,657",1,80678 NW Pineapple Avenue,DLP Realty,EnergyTown,Illinois,10101-3961,COMMERCIAL,1969
10103/5cca3,"245,179",1,158979 NE Myrtle Way,World Wide Land Transfer,EnergyTown,Illinois,10103-1427,COMMERCIAL,1929
10106/43ccc,"228,634",1,81178 SW Olive Highway,HousingWire,EnergyTown,Illinois,10106-3927,COMMERCIAL,1987
10103/e3bea,"323,523",1,85890 N Ash Road,Nationwide Title Clearing,EnergyTown,Illinois,10103-9836,COMMERCIAL,1921
10104/87ce6,"157,195",1,51616 NW Harrison Street,Platinum Realty,EnergyTown,Illinois,10104-2116,COMMERCIAL,1959
10105/26c8f,"150,208",1,165382 W Chestnut Street,US Appraisal Group,EnergyTown,Illinois,10105-3212,COMMERCIAL,1910
10107/6ec06,"99,405",1,118538 NW Washington Avenue,The Menkiti Group,EnergyTown,Illinois,10107-1806,COMMERCIAL,1968
10101/def8d,"335,901",1,31685 SE Melon Lane,Elite Pacific Properties,EnergyTown,Illinois,10101-8377,COMMERCIAL,1982
10107/6e4da,"291,525",1,169194 W Birch Court,Samuel Scott Financial Group,EnergyTown,Illinois,10107-7428,COMMERCIAL,1988
10105/4eef8,"385,900",1,83997 W Cordia Way,Professinal Home Buyers,EnergyTown,Illinois,10105-9075,COMMERCIAL,1986
10105/c3f95,"326,251",1,41342 E Hawthorn Road,Maximum One Realty Greater Atlanta,EnergyTown,Illinois,10105-1727,COMMERCIAL CONDO,
10110/72856,"290,191",1,32998 SW Adams Street,Streetsense,EnergyTown,Illinois,10110-3015,HOTELS/MOTELS,1928
10101/4aea9,"302,708",1,166373 S Cottonwood Court,Boulder Creek Builders,EnergyTown,Illinois,10101-7698,COMMERCIAL,1911
10103/1fa3a,"136,154",1,76194 NW Hemlock Highway,ATG Title,EnergyTown,Illinois,10103-8317,COMMERCIAL,1982
10106/a1b27,"296,910",1,97743 NE Monroe Road,LGI Development,EnergyTown,Illinois,10106-3012,COMMERCIAL,1983
10102/e53b2,"326,269",1,170082 NW Pine Lane,Tim O'Brien Homes,EnergyTown,Illinois,10102-1604,COMMERCIAL,1993
10109/6df49,"82,535",1,188036 SW Dogwood Avenue,McGeough Lamacchia Realty,EnergyTown,Illinois,10109-6523,COMMERCIAL,1922
10101/74cd0,"155,648",1,100644 SE Wilson Avenue,Bean Group,EnergyTown,Illinois,10101-2774,COMMERCIAL,1907
10106/28929,"213,345",1,180840 SW Cottonwood Court,Gorilla Capital,EnergyTown,Illinois,10106-2771,COMMERCIAL,1931
10103/d02b7,"179,944",1,72611 W Date Lane,1st Equity,EnergyTown,Illinois,10103-2777,COMMERCIAL,1936
10108/e6a79,"98,406",1,96477 SW Peach Loop,Realty ONE Group,EnergyTown,Illinois,10108-9371,RESIDENTIAL-MULTI FAMILY,1912
10101/2417d,"330,369",1,4455 N Ash Lane,Asset Realty Group,EnergyTown,Illinois,10101-7497,COMMERCIAL,1982
10106/e6a4d,"353,885",1,40486 SE Clinton Highway,Movoto,EnergyTown,Illinois,10106-9149,COMMERCIAL,1991
10107/edab1,"198,717",1,162766 SE Hemlock Lane,American Eagle Mortgage,EnergyTown,Illinois,10107-1562,COMMERCIAL,1897
10102/53af9,"285,660",1,98775 N Lime Boulevard,@Properties,EnergyTown,Illinois,10102-4473,COMMERCIAL,1986
10110/7dff2,"246,311",1,241932 S Hazel Avenue,Conservice,EnergyTown,Illinois,10110-2189,COMMERCIAL,1934
10108/e4265,"367,192",3,243915 NW Apples Alley,HomeSmart,EnergyTown,Illinois,10108-7544,COMMERCIAL,1917
10101/39de6,"179,269",6,2187 SW Basswood Court,MG Properties Group,EnergyTown,Illinois,10101-9691,COMMERCIAL,1982
10102/c98e5,"228,013",1,244939 W Birch Court,Pacific Union International,EnergyTown,Illinois,10102-7526,COMMERCIAL,1999
10101/43c28,"197,135",1,105206 N Alder Court,Sperry Van Ness International,EnergyTown,Illinois,10101-5103,COMMERCIAL,1986
10103/4eb74,"54,433",1,6379 SW Guava Road,Asset Plus Companies,EnergyTown,Illinois,10103-1897,HOTELS/MOTELS,1919
10104/fba7a,"360,367",1,76360 SE Spruce Court,Prudential Americana Group Realtors,EnergyTown,Illinois,10104-2372,CONDO,
10102/6032c,"399,578",1,206422 NW Carissa Way,ISGN,EnergyTown,Illinois,10102-6958,CONDO,
10107/30f5d,"340,889",1,200054 NE Apple Avenue,Kidder Mathews,EnergyTown,Illinois,10107-9387,RESIDENTIAL-MULTI FAMILY,2004
10102/ee305,"311,692",1,67793 NW Dogwood Alley,Levrose Commercial Real Estate,EnergyTown,Illinois,10102-6936,CONDO,
10109/4c1c3,"104,504",1,34030 NW Elm Lane,Pro Teck Valuation Services,EnergyTown,Illinois,10109-3263,CONDO,
10108/c2dbd,"321,284",10,66466 W Grant Alley,The Mount Vernon Company,EnergyTown,Illinois,10108-7004,RESIDENTIAL-MULTI FAMILY,1880
10103/572bc,92346 sf,1,44871 SW Orange Highway,Select Office Suites,EnergyTown,Illinois,10103-7915,RESIDENTIAL-MULTI FAMILY,0
10102/fa43a,"353,085",1,11651 SW Tanoak Lane,Schmidt Real Estate,EnergyTown,Illinois,10102-7634,CONDO,
10108/6bb0c,"254,589",1,69516 NW Reagan Boulevard,Oakbrook,EnergyTown,Illinois,10108-3343,RESIDENTIAL-MULTI FAMILY,1964
10108/75473,"242,237",1,25374 S Melon Street,ERA Sunrise Realty,EnergyTown,Illinois,10108-4399,RESIDENTIAL-MULTI FAMILY,2008
10102/971d8,"344,288",1,139173 N Mandarin Avenue,Keller Williams Realty,EnergyTown,Illinois,10102-9320,HOTELS/MOTELS,1961
10101/7ba4d,"224,342",1,187329 SE Citron Lane,CWS Corporate Leasing,EnergyTown,Illinois,10101-4431,CONDO,
10108/2d867,"236,377",1,15581 SW Sycamore Court,Occidental Management,EnergyTown,Illinois,10108-9812,CONDO,
